Year,"Header","Source","Url"
2005,"Nissan Pathfinder 2005 Инструкция - tennispremium","tennispremium.weebly.com/blog/nissan-pathfinder-2005...","http://tennispremium.weebly.com/blog/nissan-pathfinder-2005-instrukciya"
2005,"Новые модели Nissan 2018 года: рестайлинг авто, фото и ...","god-2018s.com","http://god-2018s.com/avto/novye-modeli-nissan-2018-goda"
2005,"Модели на Nissan - auto-data.net","www.auto-data.net/bg/nissan-brand-4","https://www.auto-data.net/bg/nissan-brand-4"
2005,"Карточка модели Nissan Note на Авто.ру","auto.ru/catalog/cars/nissan/note/i_res/group...","https://auto.ru/catalog/cars/nissan/note/i_res/group-hatchback_5d/"
2005,"Ниссан Альмера 2017 фото, видео, комплектации и цена ...","myautoblog.net/2017/10/nissan-almera-2017-foto-video...","http://myautoblog.net/2017/10/nissan-almera-2017-foto-video-komplektacii-i-cena-texnicheskie-xarakteristiki/"
2005,"Карточка модели Nissan Sentra VII (B17) Седан на Авто.ру","auto.ru/catalog/cars/nissan/sentra/20228570/20228596","https://auto.ru/catalog/cars/nissan/sentra/20228570/20228596/"
2005,"Nissan - Все модели. Автокаталог Ниссан.","nissan.infocar.com.ua/catalog","http://nissan.infocar.com.ua/catalog/"
2005,"Nissan Serena: История модели, фотогалерея и список модификаций","a2goos.com/nissan-serena.html","http://a2goos.com/nissan-serena.html"
2005,"Nissan Almera — история модели - wroom.ru","wroom.ru/cars/nissan/almera/history","http://wroom.ru/cars/nissan/almera/history"
2005,"Nissan - весь модельный ряд автомобилей Ниссан, каталог всех ...","autodmir.ru/nissan","https://autodmir.ru/nissan/"
2005,"глава Nissan и Datsun в России - motorpage.ru","www.motorpage.ru/Nissan","http://www.motorpage.ru/Nissan/"
2005,"Nissan (Ниссан) - Авто Mail.Ru","cars.mail.ru/catalog/nissan","https://cars.mail.ru/catalog/nissan/"
2005,"Nissan - Чехлы ""Автопилот"" в Оренбурге","чехлы-автопилот.рф/nissan.html","http://xn----8sbgjsoewch5af2a0a7d.xn--p1ai/nissan.html"
2005,"Nissan - весь модельный ряд автомобилей Ниссан, каталог всех ...","autodmir.ru/nissan","https://autodmir.ru/nissan/"
2005,"Nissan Micra - цены, отзывы, характеристики Micra от Nissan","nissan-micra.infocar.ua/micra_id5154.html","http://nissan-micra.infocar.ua/micra_id5154.html"
2005,"Продам Nissan Primastar пасс. (Ниссан Примастар), 2.5 л ...","autos.ua/nissan-primastar-8315014","https://autos.ua/nissan-primastar-8315014/"
2005,"Ниссан Тиана: История модели Nissan Teana","teana-nissan.blogspot.com/p/nissan-teana.html","http://teana-nissan.blogspot.com/p/nissan-teana.html"
2005,"Каталог моделей Ниссан (Nissan), модельный ряд, технические ...","autorambler.ru/catalog/nissan","https://autorambler.ru/catalog/nissan"
2005,"Nissan - все модели Ниссан 2018: характеристики, цены ...","avto-russia.ru/autos/nissan/index.html?wap=1","https://avto-russia.ru/autos/nissan/index.html?wap=1"
2005,"Nissan Almera — история модели - wroom.ru","wroom.ru/cars/nissan/almera/history","http://wroom.ru/cars/nissan/almera/history"
2005,"Nissan - полный каталог моделей, характеристики, отзывы на ...","www.motorpage.ru/Nissan","http://www.motorpage.ru/Nissan/"
2005,"Новые модели Nissan 2018 года: рестайлинг авто, фото и ...","god-2018s.com","http://god-2018s.com/avto/novye-modeli-nissan-2018-goda"
2005,"Nissan - весь модельный ряд автомобилей Ниссан, каталог всех ...","autodmir.ru/nissan","https://autodmir.ru/nissan/"
2005,"Nissan Almera — история модели - wroom.ru","wroom.ru/cars/nissan/almera/history","http://wroom.ru/cars/nissan/almera/history"
2005,"Карточка модели Nissan Almera III (G15) Седан на Авто.ру","auto.ru/catalog/cars/nissan/almera/9278965/9279323","https://auto.ru/catalog/cars/nissan/almera/9278965/9279323/"
2005,"Nissan Pathfinder — история модели - wroom.ru","wroom.ru/cars/nissan/pathfinder/history","http://wroom.ru/cars/nissan/pathfinder/history"
2005,"Nissan Navara — описание модели - blamper.ru","blamper.ru/auto/nissan/navara/wiki/vse-marki-i...","https://blamper.ru/auto/nissan/navara/wiki/vse-marki-i-modeli/nissan-navara-opisanie-modeli-3355"
2005,"Новый Nissan Terrano 2018 | фото, цена, характеристики","2018god.net/nissan-terrano-2018-goda","http://2018god.net/nissan-terrano-2018-goda/"
2005,"Технические характеристики Nissan / Ниссан, справочник по ...","www.autonet.ru","http://www.autonet.ru/auto/ttx/nissan"
2005,"5 100+ объявлений о продаже Nissan","auto.ria.com","https://auto.ria.com/car/nissan/"
2006,"Новые модели Nissan 2018 года: рестайлинг авто, фото и ...","god-2018s.com","http://god-2018s.com/avto/novye-modeli-nissan-2018-goda"
2006,"Nissan Almera Classic 2006 - цена, характеристики и фото ...","autorating.ru","http://autorating.ru/cars/nissan/almera-classic-2006/"
2006,"Nissan - Все модели. Автокаталог Ниссан.","nissan.infocar.com.ua/catalog","http://nissan.infocar.com.ua/catalog/"
2006,"Nissan в Украине. Цены, где купить Ниссан. Новые модели Ниссан","nissan.infocar.ua","http://nissan.infocar.ua/"
2006,"Карточка модели Nissan Almera Classic I Седан на Авто.ру","auto.ru/catalog/cars/nissan/almera_classic/...","https://auto.ru/catalog/cars/nissan/almera_classic/2404306/2404311/"
2006,"Ниссан Альмера 2017 фото, видео, комплектации и цена ...","myautoblog.net/2017/10/nissan-almera-2017-foto-video...","http://myautoblog.net/2017/10/nissan-almera-2017-foto-video-komplektacii-i-cena-texnicheskie-xarakteristiki/"
2006,"Nissan всички модели, характеристики и оборудвания","caralyze.bg","http://caralyze.bg/catalog/nissan/all"
2006,"Nissan Almera (N16, 2000-2006) – над пропастью","vvm-auto.ru/nissan/526-nissan-almera","http://vvm-auto.ru/nissan/526-nissan-almera"
2006,"Продам Nissan X-Trail (Ниссан ИКС-Трейл), 1.998 л., 2006 г ...","autos.ua/nissan-x-trail-8322143","https://autos.ua/nissan-x-trail-8322143/"
2006,"Nissan - полный каталог моделей, характеристики, отзывы на ...","www.motorpage.ru/Nissan","http://www.motorpage.ru/Nissan/"
2006,"Модели Nissan в каталоге ... - whobycar.com","whobycar.com","http://whobycar.com/ru/a/nissan/"
2006,"Nissan (Ниссан) - Авто Mail.Ru","cars.mail.ru/catalog/nissan","https://cars.mail.ru/catalog/nissan/"
2006,"Модели Nissan | модельный ряд Ниссан в Вологде","nissan-vologda.ru/models","https://nissan-vologda.ru/models/"
2006,"глава Nissan и Datsun в России - motorpage.ru","www.motorpage.ru/Nissan","http://www.motorpage.ru/Nissan/"
2006,"Каталог моделей Ниссан (Nissan), модельный ряд, технические ...","autorambler.ru/catalog/nissan","https://autorambler.ru/catalog/nissan"
2006,"Nissan - весь модельный ряд автомобилей Ниссан, каталог всех ...","autodmir.ru/nissan","https://autodmir.ru/nissan/"
2006,"Nissan - все модели Ниссан 2018: характеристики, цены ...","avto-russia.ru/autos/nissan/index.html?wap=1","https://avto-russia.ru/autos/nissan/index.html?wap=1"
2006,"Продам Nissan X-Trail (Ниссан ИКС-Трейл), 1.998 л., 2006 г ...","autos.ua/nissan-x-trail-8322143","https://autos.ua/nissan-x-trail-8322143/"
2006,"Модели NISSAN X-TRAIL в наличии - от 1 656 000 руб.","nissan-nsk.com/purchase/available-cars/x-trail","http://nissan-nsk.com/purchase/available-cars/x-trail/"
2006,"Все модели Nissan: новые ... - bycars.ru","bycars.ru/catalog/nissan","https://bycars.ru/catalog/nissan"
2006,"Модели Nissan в каталоге автомобилей Ниссан, весь модельный ...","whobycar.com","http://whobycar.com/ru/a/nissan/"
2006,"Nissan - полный каталог моделей, характеристики, отзывы на ...","www.motorpage.ru/Nissan","http://www.motorpage.ru/Nissan/"
2006,"Nissan Almera — история модели - wroom.ru","wroom.ru/cars/nissan/almera/history","http://wroom.ru/cars/nissan/almera/history"
2006,"Nissan Almera Classic 2006 - цена, характеристики и фото ...","autorating.ru","http://autorating.ru/cars/nissan/almera-classic-2006/"
2006,"Новые модели Nissan 2018 года: рестайлинг авто, фото и ...","god-2018s.com","http://god-2018s.com/avto/novye-modeli-nissan-2018-goda"
2006,"Nissan - весь модельный ряд автомобилей Ниссан, каталог всех ...","autodmir.ru/nissan","https://autodmir.ru/nissan/"
2006,"Nissan всички модели, характеристики и оборудвания","caralyze.bg","http://caralyze.bg/catalog/nissan/all"
2006,"Продажа Nissan - AUTO.RIA™ — Автобазар ...","auto.ria.com","https://auto.ria.com/car/nissan/"
2006,"Nissan - все марки машин, модели и ...","cars.mail.ru/catalog/nissan","https://cars.mail.ru/catalog/nissan/"
2006,"Nissan X-Trail (Ниссан X-Трэйл) 2007 года - обзор модели авто","autorating.ru","http://autorating.ru/cars/nissan/x-trail-2007/"
2007,"Продам Nissan Murano (Ниссан Мурано), 3.498 л., 2007 г ...","autos.ua/nissan-murano-8318516","https://autos.ua/nissan-murano-8318516/"
2007,"Nissan X-Trail (Ниссан X-Трэйл) 2007 года - обзор модели авто","autorating.ru","http://autorating.ru/cars/nissan/x-trail-2007/"
2007,"Nissan в Украине. Цены, где купить Ниссан. Новые модели Ниссан","nissan.infocar.ua","http://nissan.infocar.ua/"
2007,"Модели на Nissan - auto-data.net","www.auto-data.net/bg/nissan-brand-4","https://www.auto-data.net/bg/nissan-brand-4"
2007,"Nissan Note 2006, 2007, 2008, 2009, 2010, хэтчбек, 1 ...","www.drom.ru/catalog/nissan/note/g_2006_1396","https://www.drom.ru/catalog/nissan/note/g_2006_1396/"
2007,"Продажа Nissan - AUTO.RIA™ — Автобазар ...","auto.ria.com","https://auto.ria.com/car/nissan/"
2007,"Nissan Х-Trail: Модели Т31 выпуска с 2007 г. с бензиновыми ...","piratebooks.ru","http://piratebooks.ru/threads/nissan-h-trail-modeli-t31-vipuska-s-2007-g-s-benzinovimi-dvigatelyami-rukovodstvo-po-ekspluatacii-ustroystvo-tehnicheskoe-obsluzhivanie-remont.236297/"
2007,"Руководство По Ремонту И Эксплуатации Nissan Qashqai ...","fekrahwentelaq.weebly.com/...i-ekspluatacii-nissan-qashqai","http://fekrahwentelaq.weebly.com/blog/rukovodstvo-po-remontu-i-ekspluatacii-nissan-qashqai"
2007,"Nissan Tiida 2004, 2005, 2006, 2007, хэтчбек, 1 поколение ...","www.drom.ru/catalog/nissan/tiida/g_2004_865","https://www.drom.ru/catalog/nissan/tiida/g_2004_865/"
2007,"Nissan Qashqai - Оценки, Мнения - ams.bg","www.ams.bg/upotrebyavani/nissan/qashqai","https://www.ams.bg/upotrebyavani/nissan/qashqai"
2007,"Модели Nissan в каталоге ... - whobycar.com","whobycar.com","http://whobycar.com/ru/a/nissan/"
2007,"глава Nissan и Datsun в России - motorpage.ru","www.motorpage.ru/Nissan","http://www.motorpage.ru/Nissan/"
2007,"Каталог моделей Ниссан (Nissan), модельный ряд, технические ...","autorambler.ru/catalog/nissan","https://autorambler.ru/catalog/nissan"
2007,"Nissan в Украине. Цены, где купить Ниссан. Новые модели Ниссан","nissan.infocar.ua","http://nissan.infocar.ua/"
2007,"Nissan - Чехлы ""Автопилот"" в Оренбурге","чехлы-автопилот.рф/nissan.html","http://xn----8sbgjsoewch5af2a0a7d.xn--p1ai/nissan.html"
2007,"Продам Nissan TIIDA (Ниссан Тиида), 1.8 л., 2007 г. - 8500 ...","autos.ua/nissan-tiida-8318507","https://autos.ua/nissan-tiida-8318507/"
2007,"Все модели Nissan: новые ... - bycars.ru","bycars.ru/catalog/nissan","https://bycars.ru/catalog/nissan"
2007,"Nissan (Ниссан). Каталог новых автомобилей Nissan. Отзывы ...","nissan.autoportal.ua","http://nissan.autoportal.ua/newcars.html"
2007,"Продам Nissan Murano (Ниссан Мурано), 3.498 л., 2007 г ...","autos.ua/nissan-murano-8318516","https://autos.ua/nissan-murano-8318516/"
2007,"Nissan (Ниссан) - Авто Mail.Ru","cars.mail.ru/catalog/nissan","https://cars.mail.ru/catalog/nissan/"
2007,"Модели Nissan в каталоге автомобилей Ниссан, весь модельный ...","whobycar.com","http://whobycar.com/ru/a/nissan/"
2007,"Nissan - полный каталог моделей, характеристики, отзывы на ...","www.motorpage.ru/Nissan","http://www.motorpage.ru/Nissan/"
2007,"Nissan X-Trail (Ниссан X-Трэйл) 2007 года - обзор модели авто","autorating.ru","http://autorating.ru/cars/nissan/x-trail-2007/"
2007,"Продажа Nissan - AUTO.RIA™ — Автобазар ...","auto.ria.com","https://auto.ria.com/car/nissan/"
2007,"Ниссан Патфиндер (Nissan Pathfinder) Внедорожник R52 2012 ...","autorambler.ru/catalog/Nissan/Pathfinder/r52-suv5d","https://autorambler.ru/catalog/Nissan/Pathfinder/r52-suv5d"
2007,"Nissan - весь модельный ряд автомобилей Ниссан, каталог всех ...","autodmir.ru/nissan","https://autodmir.ru/nissan/"
2007,"Nissan - все марки машин, модели и ...","cars.mail.ru/catalog/nissan","https://cars.mail.ru/catalog/nissan/"
2007,"Ниссан Теана технические характеристики. Nissan Teana ...","www.drom.ru/catalog/nissan/teana","https://www.drom.ru/catalog/nissan/teana/"
2007,"Nissan (Ниссан). Каталог новых автомобилей Nissan. Отзывы ...","nissan.autoportal.ua","http://nissan.autoportal.ua/newcars.html"
2007,"Каталог моделей Infiniti (Инфинити), модельный ряд ...","cars.mail.ru/catalog/infiniti","https://cars.mail.ru/catalog/infiniti/"
2008,"2008 Nissan Cars, 2008 Nissan Models | Autobytel.com","www.autobytel.com/nissan/2008/","https://www.autobytel.com/nissan/2008/"
2008,"2008 Nissans | List of All 2008 Nissan Cars - Ranker","www.ranker.com/list/full-list-of-2008-nissan-cars/reference","https://www.ranker.com/list/full-list-of-2008-nissan-cars/reference"
2008,"2008 Nissan Cars - Autotrader","www.autotrader.com/Nissan/2008","https://www.autotrader.com/Nissan/2008"
2008,"Nissan - полный каталог моделей, характеристики, отзывы на ...","www.motorpage.ru/Nissan/","http://www.motorpage.ru/Nissan/"
2008,"Модельный ряд Nissan на Авто.ру","auto.ru/catalog/cars/nissan/","https://auto.ru/catalog/cars/nissan/"
2008,"Used 2008 Nissan SUV Values - NADAguides!","www.nadaguides.com/Cars/2008/Nissan/SUV","http://www.nadaguides.com/Cars/2008/Nissan/SUV"
2008,"Used 2008 Nissan Values - NADAguides","www.nadaguides.com/Cars/2008/Nissan","http://www.nadaguides.com/Cars/2008/Nissan"
2008,"List of Nissan vehicles - Wikipedia","en.wikipedia.org/wiki/List_of_Nissan_vehicles","https://en.wikipedia.org/wiki/List_of_Nissan_vehicles"
2008,"2008 Nissan Quest Pricing, Specs & Reviews | J.D. Power Cars","www.jdpower.com/cars/nissan/quest/2008","http://www.jdpower.com/cars/nissan/quest/2008"
2008,"2008 Nissan Rogue | Kelley Blue Book","www.kbb.com/nissan/rogue/2008/","https://www.kbb.com/nissan/rogue/2008/"
2008,"2008 Nissan Cars, 2008 Nissan Models | Autobytel.com","www.autobytel.com/nissan/2008/","https://www.autobytel.com/nissan/2008/"
2008,"2008 Nissans | List of All 2008 Nissan Cars - Ranker","www.ranker.com/list/full-list-of-2008-nissan-cars/reference","https://www.ranker.com/list/full-list-of-2008-nissan-cars/reference"
2008,"2008 Nissan Cars - Autotrader","www.autotrader.com/Nissan/2008","https://www.autotrader.com/Nissan/2008"
2008,"List of Nissan vehicles - Wikipedia","en.wikipedia.org/wiki/List_of_Nissan_vehicles","https://en.wikipedia.org/wiki/List_of_Nissan_vehicles"
2008,"Nissan - полный каталог моделей, характеристики, отзывы на ...","www.motorpage.ru/Nissan/","http://www.motorpage.ru/Nissan/"
2008,"Used 2008 Nissan SUV Values - NADAguides!","www.nadaguides.com/Cars/2008/Nissan/SUV","http://www.nadaguides.com/Cars/2008/Nissan/SUV"
2008,"Used 2008 Nissan Values - NADAguides","www.nadaguides.com/Cars/2008/Nissan","http://www.nadaguides.com/Cars/2008/Nissan"
2008,"2008 Nissan Maxima Overview | Cars.com","www.cars.com/research/nissan-maxima-2008/","https://www.cars.com/research/nissan-maxima-2008/"
2008,"2008 Nissan Altima Overview | Cars.com","www.cars.com/research/nissan-altima-2008/","https://www.cars.com/research/nissan-altima-2008/"
2008,"2008 Nissan Quest Pricing, Specs & Reviews | J.D. Power Cars","www.jdpower.com/cars/nissan/quest/2008","http://www.jdpower.com/cars/nissan/quest/2008"
2008,"Nissan - полный каталог моделей, характеристики, отзывы на ...","www.motorpage.ru/Nissan/","http://www.motorpage.ru/Nissan/"
2008,"Nissan - весь модельный ряд автомобилей Ниссан, каталог всех ...","autodmir.ru/nissan/","https://autodmir.ru/nissan/"
2008,"Модельный ряд Nissan на Авто.ру","auto.ru/catalog/cars/nissan/","https://auto.ru/catalog/cars/nissan/"
2008,"Nissan Qashqai - Wikipedia","en.wikipedia.org/wiki/Nissan_Qashqai","https://en.wikipedia.org/wiki/Nissan_Qashqai"
2008,"Nissan Rogue - Wikipedia","en.wikipedia.org/wiki/Nissan_Rogue","https://en.wikipedia.org/wiki/Nissan_Rogue"
2008,"Nissan Sunny - Wikipedia","en.wikipedia.org/wiki/Nissan_Sunny","https://en.wikipedia.org/wiki/Nissan_Sunny"
2008,"Nissan Sylphy - Wikipedia","en.wikipedia.org/wiki/Nissan_Sylphy","https://en.wikipedia.org/wiki/Nissan_Sylphy"
2008,"Nissan Teana - Wikipedia","en.wikipedia.org/wiki/Nissan_Teana","https://en.wikipedia.org/wiki/Nissan_Teana"
2008,"2008 Nissan Pathfinder Consumer Reviews | Cars.com","www.cars.com/research/nissan-pathfinder-2008/consumer-reviews/","https://www.cars.com/research/nissan-pathfinder-2008/consumer-reviews/"
2008,"2008 Nissan Maxima | Kelley Blue Book","www.kbb.com/nissan/maxima/2008/","https://www.kbb.com/nissan/maxima/2008/"
2009,"Used 2009 Nissan Values - NADAguides","www.nadaguides.com/Cars/2009/Nissan","http://www.nadaguides.com/Cars/2009/Nissan"
2009,"2009 Nissan Cars - Autotrader","www.autotrader.com/Nissan/2009","https://www.autotrader.com/Nissan/2009"
2009,"The 2009 Nissan Line-up - Charting the Changes - Murano - Nissan...","nissannews.com/en-US/nissan/usa/channels/us-united-states-nissan-models-murano/releases/the-2009-nissan-line-up-charting-the-changes?page=3&query","http://nissannews.com/en-US/nissan/usa/channels/us-united-states-nissan-models-murano/releases/the-2009-nissan-line-up-charting-the-changes?page=3&query"
2009,"2009 Nissan Cars, 2009 Nissan Models | Autobytel.com","www.autobytel.com/nissan/2009/","https://www.autobytel.com/nissan/2009/"
2009,"List of Nissan vehicles - Wikipedia","en.wikipedia.org/wiki/List_of_Nissan_vehicles","https://en.wikipedia.org/wiki/List_of_Nissan_vehicles"
2009,"2009 Nissan Versa Overview | Cars.com","www.cars.com/research/nissan-versa-2009/","https://www.cars.com/research/nissan-versa-2009/"
2009,"Nissan - полный каталог моделей, характеристики, отзывы на ...","www.motorpage.ru/Nissan/","http://www.motorpage.ru/Nissan/"
2009,"Used 2009 Nissan Rogue for sale - Pricing & Features | Edmunds","www.edmunds.com/nissan/rogue/2009/","https://www.edmunds.com/nissan/rogue/2009/"
2009,"Nissan Vehicle History | Nissan USA","www.nissanusa.com/about/heritage","https://www.nissanusa.com/about/heritage"
2009,"2009 Nissan Altima Prices, Reviews and Pictures | U.S. News ...","cars.usnews.com/cars-trucks/nissan/altima/2009","https://cars.usnews.com/cars-trucks/nissan/altima/2009"
2009,"2009 Nissan Cars - Autotrader","www.autotrader.com/Nissan/2009","https://www.autotrader.com/Nissan/2009"
2009,"Used 2009 Nissan Values - NADAguides","www.nadaguides.com/Cars/2009/Nissan","http://www.nadaguides.com/Cars/2009/Nissan"
2009,"The 2009 Nissan Line-up - Charting the Changes - Murano - Nissan...","nissannews.com/en-US/nissan/usa/channels/us-united-states-nissan-models-murano/releases/the-2009-nissan-line-up-charting-the-changes?page=3&query","http://nissannews.com/en-US/nissan/usa/channels/us-united-states-nissan-models-murano/releases/the-2009-nissan-line-up-charting-the-changes?page=3&query"
2009,"List of Nissan vehicles - Wikipedia","en.wikipedia.org/wiki/List_of_Nissan_vehicles","https://en.wikipedia.org/wiki/List_of_Nissan_vehicles"
2009,"2009 Nissan Cars, 2009 Nissan Models | Autobytel.com","www.autobytel.com/nissan/2009/","https://www.autobytel.com/nissan/2009/"
2009,"Nissan - полный каталог моделей, характеристики, отзывы на ...","www.motorpage.ru/Nissan/","http://www.motorpage.ru/Nissan/"
2009,"2009 Nissan Versa Overview | Cars.com","www.cars.com/research/nissan-versa-2009/","https://www.cars.com/research/nissan-versa-2009/"
2009,"Nissan Vehicle History | Nissan USA","www.nissanusa.com/about/heritage","https://www.nissanusa.com/about/heritage"
2009,"Used 2009 Nissan Rogue for sale - Pricing & Features | Edmunds","www.edmunds.com/nissan/rogue/2009/","https://www.edmunds.com/nissan/rogue/2009/"
2009,"2009 Nissan Altima Prices, Reviews and Pictures | U.S. News ...","cars.usnews.com/cars-trucks/nissan/altima/2009","https://cars.usnews.com/cars-trucks/nissan/altima/2009"
2009,"Nissan - полный каталог моделей, характеристики, отзывы на ...","www.motorpage.ru/Nissan/","http://www.motorpage.ru/Nissan/"
2009,"Nissan Qashqai — история модели - Wroom.ru","wroom.ru/cars/nissan/qashqai/history","http://wroom.ru/cars/nissan/qashqai/history"
2009,"Nissan X-Trail — история модели - Wroom.ru","wroom.ru/cars/nissan/xtrail/history","http://wroom.ru/cars/nissan/xtrail/history"
2009,"Nissan Vehicle History | Nissan USA","www.nissanusa.com/about/heritage","https://www.nissanusa.com/about/heritage"
2009,"Nissan Quest - Wikipedia","en.wikipedia.org/wiki/Nissan_Quest","https://en.wikipedia.org/wiki/Nissan_Quest"
2009,"Nissan Qashqai - Wikipedia","en.wikipedia.org/wiki/Nissan_Qashqai","https://en.wikipedia.org/wiki/Nissan_Qashqai"
2009,"Nissan Pathfinder - Wikipedia","en.wikipedia.org/wiki/Nissan_Pathfinder","https://en.wikipedia.org/wiki/Nissan_Pathfinder"
2009,"Nissan Fuga - Wikipedia","en.wikipedia.org/wiki/Nissan_Fuga","https://en.wikipedia.org/wiki/Nissan_Fuga"
2009,"Nissan Sylphy - Wikipedia","en.wikipedia.org/wiki/Nissan_Sylphy","https://en.wikipedia.org/wiki/Nissan_Sylphy"
2009,"Nissan Teana - Wikipedia","en.wikipedia.org/wiki/Nissan_Teana","https://en.wikipedia.org/wiki/Nissan_Teana"
2010,"Новые модели Nissan 2018 года: рестайлинг авто, фото и ...","god-2018s.com","http://god-2018s.com/avto/novye-modeli-nissan-2018-goda"
2010,"Nissan в Украине. Цены, где купить Ниссан. Новые модели Ниссан","nissan.infocar.ua","http://nissan.infocar.ua/"
2010,"Новые модели Ниссан (Nissan) 2019: фото, цены новинок","2019god.net","https://2019god.net/avto/novinki-nissan-nissan-2019-modelnogo-goda"
2010,"Nissan - Все модели. Автокаталог Ниссан.","nissan.infocar.com.ua/catalog","http://nissan.infocar.com.ua/catalog/"
2010,"Nissan Patrol (Ниссан Патрол). Руководство по ремонту ...","manualov.net/download.php?id=8230","https://manualov.net/download.php?id=8230"
2010,"Новейшие модели автомобилей Ниссан 2018 года - Новинки авто ...","auto-2018.info/novye-avtomobili-nissan-v-2018-godu","http://auto-2018.info/novye-avtomobili-nissan-v-2018-godu/"
2010,"Все модели Nissan — Технические характеристики","automdb.com/lang/ru/nissan","http://automdb.com/lang/ru/nissan"
2010,"Nissan - весь модельный ряд автомобилей Ниссан, каталог всех ...","autodmir.ru/nissan","https://autodmir.ru/nissan/"
2010,"Автомобили Nissan: новости, модели, обзор машин Ниссан — все ...","www.zr.ru/cars/nissan","http://www.zr.ru/cars/nissan/"
2010,"Карточка модели Nissan Qashqai на Авто.ру","auto.ru/catalog/cars/nissan/qashqai/i-res/group...","https://auto.ru/catalog/cars/nissan/qashqai/i-res/group-offroad_5d/"
2010,"Новые модели Nissan 2018 года: рестайлинг авто, фото и ...","god-2018s.com","http://god-2018s.com/avto/novye-modeli-nissan-2018-goda"
2010,"глава Nissan и Datsun в России - motorpage.ru","www.motorpage.ru/Nissan","http://www.motorpage.ru/Nissan/"
2010,"Nissan (Ниссан) - Авто Mail.Ru","cars.mail.ru/catalog/nissan","https://cars.mail.ru/catalog/nissan/"
2010,"Nissan в Украине. Цены, где купить Ниссан. Новые модели Ниссан","nissan.infocar.ua","http://nissan.infocar.ua/"
2010,"Каталог моделей Ниссан (Nissan), модельный ряд, технические ...","autorambler.ru/catalog/nissan","https://autorambler.ru/catalog/nissan"
2010,"Автомобили Nissan: новости, модели, обзор машин Ниссан — все ...","www.zr.ru/cars/nissan","http://www.zr.ru/cars/nissan/"
2010,"Nissan - все модели Ниссан 2018: характеристики, цены ...","avto-russia.ru/autos/nissan","https://avto-russia.ru/autos/nissan/"
2010,"Nissan - весь модельный ряд автомобилей Ниссан, каталог всех ...","autodmir.ru/nissan","https://autodmir.ru/nissan/"
2010,"Модельный ряд Nissan на Авто.ру - auto.ru","auto.ru/catalog/cars/nissan","https://auto.ru/catalog/cars/nissan/"
2010,"Модельный ряд Nissan - модели в продаже. Характеристики ...","nissan.infocar.com.ua/new_nissan.html","http://nissan.infocar.com.ua/new_nissan.html"
2010,"Новые модели Nissan 2018 года: рестайлинг авто, фото и ...","god-2018s.com","http://god-2018s.com/avto/novye-modeli-nissan-2018-goda"
2010,"Nissan - полный каталог моделей, характеристики, отзывы на ...","www.motorpage.ru/Nissan","http://www.motorpage.ru/Nissan/"
2010,"Nissan - все модели Ниссан 2018: характеристики, цены ...","avto-russia.ru/autos/nissan/index.html?wap=1","https://avto-russia.ru/autos/nissan/index.html?wap=1"
2010,"Ниссан Патрол Фото Все Модели","fyodor.su/nissan-patrol-foto-vse-modeli.html","https://fyodor.su/nissan-patrol-foto-vse-modeli.html"
2010,"Новейшие модели автомобилей Ниссан 2018 года - Новинки авто ...","auto-2018.info/novye-avtomobili-nissan-v-2018-godu","http://auto-2018.info/novye-avtomobili-nissan-v-2018-godu/"
2010,"Nissan - весь модельный ряд автомобилей Ниссан, каталог всех ...","autodmir.ru/nissan","https://autodmir.ru/nissan/"
2010,"Ниссан Патфиндер (Nissan Pathfinder) Внедорожник R52 2012 ...","autorambler.ru/catalog/Nissan/Pathfinder/r52-suv5d","https://autorambler.ru/catalog/Nissan/Pathfinder/r52-suv5d"
2010,"Nissan Qashqai — история модели - wroom.ru","wroom.ru/cars/nissan/qashqai/history","http://wroom.ru/cars/nissan/qashqai/history"
2010,"Nissan (Ниссан) - Авто Mail.Ru","cars.mail.ru/catalog/nissan","https://cars.mail.ru/catalog/nissan/"
2010,"Нисан Start.bg - всичко за Nissan: модели автомобили ...","nissan.start.bg","http://nissan.start.bg/"
2011,"Автомобили Nissan: новости, модели, обзор машин Ниссан — все ...","www.zr.ru/cars/nissan","http://www.zr.ru/cars/nissan/"
2011,"Продам Nissan Leaf (Ниссан Лиф), л., 2011 г. - 3100$ (г ...","autos.ua/nissan-leaf-8314965","https://autos.ua/nissan-leaf-8314965/"
2011,"Nissan в Украине. Цены, где купить Ниссан. Новые модели Ниссан","nissan.infocar.ua","http://nissan.infocar.ua/"
2011,"5 100+ объявлений о продаже Nissan","auto.ria.com","https://auto.ria.com/car/nissan/"
2011,"Nissan Patrol 2011 Руководство по ... - vnx.su","vnx.su/content/avto/nissan/expluatacia/patrol_2011.html","http://vnx.su/content/avto/nissan/expluatacia/patrol_2011.html"
2011,"Продам Nissan Murano (Ниссан Мурано), 2.5 л., 2011 г. - 9000 ...","autos.ua/nissan-murano-8311874","https://autos.ua/nissan-murano-8311874/"
2011,"Nissan Leaf (Ниссан Лиф) — характеристики, цена.","ekoavto.com/nissan-leaf","http://ekoavto.com/nissan-leaf/"
2011,"Nissan Juke - технически характеристики, технически данни ...","www.carinf.com/bg/739032051.html","http://www.carinf.com/bg/739032051.html"
2011,"Карточка модели Nissan Pathfinder III ... - auto.ru","auto.ru/catalog/cars/nissan/pathfinder/2308179/...","https://auto.ru/catalog/cars/nissan/pathfinder/2308179/2308180/"
2011,"Нисан Start.bg - всичко за Nissan: модели автомобили ...","nissan.start.bg","http://nissan.start.bg/"
2011,"Nissan в Украине. Цены, где купить Ниссан. Новые модели Ниссан","nissan.infocar.ua","http://nissan.infocar.ua/"
2011,"Автомобили Nissan: новости, модели, обзор машин Ниссан — все ...","www.zr.ru/cars/nissan","http://www.zr.ru/cars/nissan/"
2011,"глава Nissan и Datsun в России - motorpage.ru","www.motorpage.ru/Nissan","http://www.motorpage.ru/Nissan/"
2011,"Модельный ряд Nissan - модели в продаже. Характеристики ...","nissan.infocar.com.ua/new_nissan.html","http://nissan.infocar.com.ua/new_nissan.html"
2011,"Каталог моделей Ниссан (Nissan), модельный ряд, технические ...","autorambler.ru/catalog/nissan","https://autorambler.ru/catalog/nissan"
2011,"Продам Nissan Murano (Ниссан Мурано), 2.5 л., 2011 г. - 9000 ...","autos.ua/nissan-murano-8311874","https://autos.ua/nissan-murano-8311874/"
2011,"Nissan - все модели Ниссан 2018: характеристики, цены ...","avto-russia.ru/autos/nissan","https://avto-russia.ru/autos/nissan/"
2011,"Nissan — Википедия","ru.wikipedia.org/wiki/Nissan_Motors","https://ru.wikipedia.org/wiki/Nissan_Motors"
2011,"Модельный ряд Nissan - Quto.ru","quto.ru/Nissan","https://quto.ru/Nissan/"
2011,"Nissan новые автомобили, Nissan модельный ряд минск Беларусь ...","autokatalog.by/shop/group_660","http://autokatalog.by/shop/group_660/"
2011,"Nissan - полный каталог моделей, характеристики, отзывы на ...","www.motorpage.ru/Nissan","http://www.motorpage.ru/Nissan/"
2011,"Nissan Leaf (Ниссан Лиф) — характеристики, цена.","ekoavto.com/nissan-leaf","http://ekoavto.com/nissan-leaf/"
2011,"Продажа Nissan - AUTO.RIA™ — Автобазар ...","auto.ria.com","https://auto.ria.com/car/nissan/"
2011,"Модельный ряд и цены автомобилей Nissan (Ниссан) - Quto.ru","quto.ru/Nissan","https://quto.ru/Nissan/"
2011,"Nissan - весь модельный ряд автомобилей Ниссан, каталог всех ...","autodmir.ru/nissan","https://autodmir.ru/nissan/"
2011,"Остальные модели Nissan - nissan-omsk.ru","nissan-omsk.ru/forum/cat-ostalnie-modeli-nissan/topic-18...","http://nissan-omsk.ru/forum/cat-ostalnie-modeli-nissan/topic-18.html"
2011,"ОБСЛУЖИВАНИЕ АВТОМОБИЛЯ - Nissan","www.nissan.ru","https://www.nissan.ru/ownership/nissan-services/maintenance-repair/car-maintenance.html"
2011,"Nissan Teana 2017: технические характеристики, фото и цена","info-god.com/avto/start-prodazh-nissan-teana...","https://info-god.com/avto/start-prodazh-nissan-teana-2017-modelnogo-goda"
2011,"Технические характеристики Nissan / Ниссан, справочник по ...","www.autonet.ru","http://www.autonet.ru/auto/ttx/nissan"
2011,"Nissan X-Trail - обзор, цены, видео, технические ...","www.motorpage.ru/Nissan/XTrail","http://www.motorpage.ru/Nissan/XTrail/last/"
2012,"Продам Nissan TIIDA (Ниссан Тиида), 1.6 л., 2012 г. - 2400 ...","autos.ua/nissan-tiida-8311890","https://autos.ua/nissan-tiida-8311890/"
2012,"Nissan в Украине. Цены, где купить Ниссан. Новые модели Ниссан","nissan.infocar.ua","http://nissan.infocar.ua/"
2012,"Nissan Leaf (Ниссан Лиф) — характеристики, цена.","ekoavto.com/nissan-leaf","http://ekoavto.com/nissan-leaf/"
2012,"Ниссан Жук 2012 технические характеристики. Nissan Juke 2012 ...","www.drom.ru/catalog/nissan/juke/2012","https://www.drom.ru/catalog/nissan/juke/2012/"
2012,"Все модели Nissan — Технические характеристики","automdb.com/lang/ru/nissan","http://automdb.com/lang/ru/nissan"
2012,"Nissan Patrol 2010, 2011, 2012, 2013, 2014, suv, 6 поколение ...","www.drom.ru/catalog/nissan/patrol/g_2010_1399","https://www.drom.ru/catalog/nissan/patrol/g_2010_1399/"
2012,"Масштабные модели Nissan в Москве. Агат-М","agat-m.net/inomarki/nissan","http://agat-m.net/inomarki/nissan/"
2012,"График технического обслуживания Nissan Qashqai с бензиновым ...","www.genser.ru/common/docs/nissan/to/nissan_qashqai_hr16.pdf","http://www.genser.ru/common/docs/nissan/to/nissan_qashqai_hr16.pdf"
2012,"Карточка модели Nissan Murano II (Z51) Рестайлинг 2 ...","auto.ru/catalog/cars/nissan/murano/20288827/20288858","https://auto.ru/catalog/cars/nissan/murano/20288827/20288858/"
2012,"AUTO.RIA – Продажа Ниссан бу в Украине: купить подержанные ...","auto.ria.com","https://auto.ria.com/car/nissan/"
2012,"глава Nissan и Datsun в России - motorpage.ru","www.motorpage.ru/Nissan","http://www.motorpage.ru/Nissan/"
2012,"Nissan в Украине. Цены, где купить Ниссан. Новые модели Ниссан","nissan.infocar.ua","http://nissan.infocar.ua/"
2012,"Модельный ряд Nissan - модели в продаже. Характеристики ...","nissan.infocar.com.ua/new_nissan.html","http://nissan.infocar.com.ua/new_nissan.html"
2012,"Nissan - весь модельный ряд автомобилей Ниссан, каталог всех ...","autodmir.ru/nissan","https://autodmir.ru/nissan/"
2012,"Каталог моделей Ниссан (Nissan), модельный ряд, технические ...","autorambler.ru/catalog/nissan","https://autorambler.ru/catalog/nissan"
2012,"Продам Nissan TIIDA (Ниссан Тиида), 1.6 л., 2012 г. - 2400 ...","autos.ua/nissan-tiida-8311890","https://autos.ua/nissan-tiida-8311890/"
2012,"Nissan (Ниссан) - Авто Mail.Ru","cars.mail.ru/catalog/nissan","https://cars.mail.ru/catalog/nissan/"
2012,"Nissan - все модели Ниссан 2018: характеристики, цены ...","avto-russia.ru/autos/nissan","https://avto-russia.ru/autos/nissan/"
2012,"Модельный ряд Nissan на Авто.ру - auto.ru","auto.ru/catalog/cars/nissan","https://auto.ru/catalog/cars/nissan/"
2012,"Модельный ряд и цены автомобилей Nissan (Ниссан) - Quto.ru","quto.ru/Nissan","https://quto.ru/Nissan/"
2012,"Nissan - полный каталог моделей, характеристики, отзывы на ...","www.motorpage.ru/Nissan","http://www.motorpage.ru/Nissan/"
2012,"Ниссан Патфиндер (Nissan Pathfinder) Внедорожник R52 2012 ...","autorambler.ru/catalog/Nissan/Pathfinder/r52-suv5d","https://autorambler.ru/catalog/Nissan/Pathfinder/r52-suv5d"
2012,"Nissan Murano (Ниссан Мурано) 2012 - обзор, фото, цена ...","livecars.info/.../nissan/96-nissan-murano-2012.html","https://livecars.info/autocars/nissan/96-nissan-murano-2012.html"
2012,"Nissan - весь модельный ряд автомобилей Ниссан, каталог всех ...","autodmir.ru/nissan","https://autodmir.ru/nissan/"
2012,"Продажа Nissan - AUTO.RIA™ — Автобазар ...","auto.ria.com","https://auto.ria.com/car/nissan/"
2012,"Впечатления от CR14DE + чип-тюнинг — бортжурнал Nissan Note 2 ...","www.drive2.ru/l/3151364","https://www.drive2.ru/l/3151364/"
2012,"Обзор нового Nissan Murano 2017-2018 - roadres.com","roadres.com","http://roadres.com/nissan/murano-3/"
2012,"RST.ua - Продажа NISSAN на RST. Купить NISSAN, цена ...","rst.ua","http://rst.ua/oldcars/nissan/"
2012,"Обзор нового Nissan X-Trail 2017-2018 - roadres.com","roadres.com","http://roadres.com/nissan/x-trail-3/"
2012,"Каталог моделей Infiniti (Инфинити), модельный ряд ...","cars.mail.ru/catalog/infiniti","https://cars.mail.ru/catalog/infiniti/"
2013,"Новейшие модели автомобилей Ниссан 2018 года - Новинки авто ...","auto-2018.info/novye-avtomobili-nissan-v-2018-godu","http://auto-2018.info/novye-avtomobili-nissan-v-2018-godu/"
2013,"Новый Nissan Terrano 2018 | фото, цена, характеристики","2018god.net/nissan-terrano-2018-goda","http://2018god.net/nissan-terrano-2018-goda/"
2013,"Nissan в Украине. Цены, где купить Ниссан. Новые модели Ниссан","nissan.infocar.ua","http://nissan.infocar.ua/"
2013,"Тест-драйв Nissan Almera 2013 от InfoCar.ua - YouTube","www.youtube.com/watch?v=nXa2pfLZl6A","https://www.youtube.com/watch?v=nXa2pfLZl6A"
2013,"Nissan - Все модели. Автокаталог Ниссан.","nissan.infocar.com.ua/catalog","http://nissan.infocar.com.ua/catalog/"
2013,"Nissan Navara — описание модели","blamper.ru/auto/nissan/navara/wiki/vse-marki-i...","https://blamper.ru/auto/nissan/navara/wiki/vse-marki-i-modeli/nissan-navara-opisanie-modeli-3355"
2013,"Nissan - Технически характеристики, Разход на гориво","www.auto-data.net/bg/nissan-brand-4","https://www.auto-data.net/bg/nissan-brand-4"
2013,"Nissan Leaf (Ниссан Лиф) — характеристики, цена.","ekoavto.com/nissan-leaf","http://ekoavto.com/nissan-leaf/"
2013,"Nissan X-Trail - цены, отзывы, характеристики X-Trail от Nissan","nissan-x-trail.infocar.ua/x-trail_id3689.html","http://nissan-x-trail.infocar.ua/x-trail_id3689.html"
2013,"Nissan 280TypeMR | FRP","freeracingproject.wordpress.com/2013/01/30/...","https://freeracingproject.wordpress.com/2013/01/30/nissan-280typemrprince-kanagawa/"
2013,"глава Nissan и Datsun в России - motorpage.ru","www.motorpage.ru/Nissan","http://www.motorpage.ru/Nissan/"
2013,"Новейшие модели автомобилей Ниссан 2018 года - Новинки авто ...","auto-2018.info/novye-avtomobili-nissan-v-2018-godu","http://auto-2018.info/novye-avtomobili-nissan-v-2018-godu/"
2013,"Модельный ряд Nissan - модели в продаже. Характеристики ...","nissan.infocar.com.ua/new_nissan.html","http://nissan.infocar.com.ua/new_nissan.html"
2013,"Новый Nissan Terrano 2018 | фото, цена, характеристики","2018god.net/nissan-terrano-2018-goda","http://2018god.net/nissan-terrano-2018-goda/"
2013,"Nissan в Украине. Цены, где купить Ниссан. Новые модели Ниссан","nissan.infocar.ua","http://nissan.infocar.ua/"
2013,"Nissan - все модели Ниссан 2018: характеристики, цены ...","avto-russia.ru/autos/nissan","https://avto-russia.ru/autos/nissan/"
2013,"Nissan (Ниссан) - Авто Mail.Ru","cars.mail.ru/catalog/nissan","https://cars.mail.ru/catalog/nissan/"
2013,"Nissan X-Trail. Цены, отзывы, характеристики","nissan-x-trail.infocar.ua/x-trail_id3689.html","http://nissan-x-trail.infocar.ua/x-trail_id3689.html"
2013,"Nissan модельный ряд 2017 | автомобили Ниссан модели и цены в ...","www.autonissan.ru/models","http://www.autonissan.ru/models/"
2013,"Модельный ряд Nissan (2017-2018): фото и цены на Ниссан","www.allcarz.ru/catalog/nissan","http://www.allcarz.ru/catalog/nissan/"
2013,"Nissan - полный каталог моделей, характеристики, отзывы на ...","www.motorpage.ru/Nissan","http://www.motorpage.ru/Nissan/"
2013,"Nissan Leaf (Ниссан Лиф) — характеристики, цена.","ekoavto.com/nissan-leaf","http://ekoavto.com/nissan-leaf/"
2013,"Новейшие модели автомобилей Ниссан 2018 года - Новинки авто ...","auto-2018.info/novye-avtomobili-nissan-v-2018-godu","http://auto-2018.info/novye-avtomobili-nissan-v-2018-godu/"
2013,"Обзор нового поколения модели Nissan Note 2013","www.mashinomania.ru/2012/12/nissan-note-2013.html","http://www.mashinomania.ru/2012/12/nissan-note-2013.html"
2013,"Две модели Nissan покинули российский рынок - автоновости ...","auto.mail.ru/article/66910-dve_modeli_nissan...","https://auto.mail.ru/article/66910-dve_modeli_nissan_pokinuli_rossiiskii_rynok/"
2013,"Новый Nissan Terrano 2018 | фото, цена, характеристики","2018god.net/nissan-terrano-2018-goda","http://2018god.net/nissan-terrano-2018-goda/"
2013,"Продажа Nissan - AUTO.RIA™ — Автобазар ...","auto.ria.com","https://auto.ria.com/car/nissan/"
2013,"Nissan X-Trail. Цены, отзывы, характеристики","nissan-x-trail.infocar.ua/x-trail_id3689.html","http://nissan-x-trail.infocar.ua/x-trail_id3689.html"
2013,"Nissan - весь модельный ряд автомобилей Ниссан, каталог всех ...","autodmir.ru/nissan","https://autodmir.ru/nissan/"
2013,"Каталог моделей Infiniti (Инфинити), модельный ряд ...","cars.mail.ru/catalog/infiniti","https://cars.mail.ru/catalog/infiniti/"
2014,"Новые модели Nissan 2018 года: рестайлинг авто, фото и ...","god-2018s.com","http://god-2018s.com/avto/novye-modeli-nissan-2018-goda"
2014,"Новейшие модели автомобилей Ниссан 2018 года - Новинки авто ...","auto-2018.info/novye-avtomobili-nissan-v-2018-godu","http://auto-2018.info/novye-avtomobili-nissan-v-2018-godu/"
2014,"Новый Nissan Terrano 2018 | фото, цена, характеристики","2018god.net/nissan-terrano-2018-goda","http://2018god.net/nissan-terrano-2018-goda/"
2014,"Nissan - все модели Ниссан 2018: характеристики, цены ...","avto-russia.ru/autos/nissan","https://avto-russia.ru/autos/nissan/"
2014,"Ниссан Альмера 2017 фото, видео, комплектации и цена ...","myautoblog.net/2017/10/nissan-almera-2017-foto-video...","http://myautoblog.net/2017/10/nissan-almera-2017-foto-video-komplektacii-i-cena-texnicheskie-xarakteristiki/"
2014,"Nissan в Украине. Цены, где купить Ниссан. Новые модели Ниссан","nissan.infocar.ua","http://nissan.infocar.ua/"
2014,"Nissan - Все модели. Автокаталог Ниссан.","nissan.infocar.com.ua/catalog","http://nissan.infocar.com.ua/catalog/"
2014,"Nissan - полный каталог моделей, характеристики, отзывы на ...","www.motorpage.ru/Nissan","http://www.motorpage.ru/Nissan/"
2014,"Стеклоочистители для Ниссан подобрать по модели и году авто","schetki.net/auto/nissan","http://schetki.net/auto/nissan/"
2014,"Продам Nissan Qashqai (Ниссан Кашкай), 1.598 л., 2014 г ...","autos.ua/nissan-qashqai-8314916","https://autos.ua/nissan-qashqai-8314916/"
2014,"глава Nissan и Datsun в России - motorpage.ru","www.motorpage.ru/Nissan","http://www.motorpage.ru/Nissan/"
2014,"Nissan - все модели Ниссан 2018: характеристики, цены ...","avto-russia.ru/autos/nissan","https://avto-russia.ru/autos/nissan/"
2014,"Новый Nissan Terrano 2018 | фото, цена, характеристики","2018god.net/nissan-terrano-2018-goda","http://2018god.net/nissan-terrano-2018-goda/"
2014,"Nissan Teana — Википедия","ru.m.wikipedia.org","https://ru.m.wikipedia.org/wiki/Nissan_Teana"
2014,"Nissan Micra 2014 (Ниссан Микра) - стоимость, цена ...","nissan.autoua.net/micra/micra_5dr-2014","http://nissan.autoua.net/micra/micra_5dr-2014/"
2014,"Ниссан модельный ряд и цены на все Nissan официальный сайт","ньюйорк-моторс.рф/new-auto/modelnyj-ryad...","http://xn----qtbdjbhdanflj6j2a.xn--p1ai/new-auto/modelnyj-ryad-nissan/"
2014,"NISSAN RUSSIA - YouTube","www.youtube.com/user/NissanRussiaOnAir","https://www.youtube.com/user/NissanRussiaOnAir"
2014,"Nissan модельный ряд 2017 | автомобили Ниссан модели и цены в ...","www.autonissan.ru/models","http://www.autonissan.ru/models/"
2014,"Nissan Qashqai кроссовер 2014 – н.в. - cars.mail.ru","cars.mail.ru/catalog/nissan/qashqai/ii/crossover","https://cars.mail.ru/catalog/nissan/qashqai/ii/crossover/"
2014,"Купить новый Ниссан в Украине — Новый Nissan цена 2014 ...","avtosale.ua/new_car/Nissan","http://avtosale.ua/new_car/Nissan/"
2014,"Новые модели Nissan 2018 года: рестайлинг авто, фото и ...","god-2018s.com","http://god-2018s.com/avto/novye-modeli-nissan-2018-goda"
2014,"Новейшие модели автомобилей Ниссан 2018 года - Новинки авто ...","auto-2018.info/novye-avtomobili-nissan-v-2018-godu","http://auto-2018.info/novye-avtomobili-nissan-v-2018-godu/"
2014,"Nissan - все модели Ниссан 2018: характеристики, цены ...","avto-russia.ru/autos/nissan","https://avto-russia.ru/autos/nissan/"
2014,"Nissan - полный каталог моделей, характеристики, отзывы на ...","www.motorpage.ru/Nissan","http://www.motorpage.ru/Nissan/"
2014,"Nissan Micra 2014 (Ниссан Микра) - стоимость, цена ...","nissan.autoua.net/micra/micra_5dr-2014","http://nissan.autoua.net/micra/micra_5dr-2014/"
2014,"Новый Nissan Terrano 2018 | фото, цена, характеристики","2018god.net/nissan-terrano-2018-goda","http://2018god.net/nissan-terrano-2018-goda/"
2014,"Ниссан Пульсар 2014-2015 (Nissan Pulsar) цена фото ...","autowestnik.ru","http://autowestnik.ru/nissan-pulsar-2014-2015/"
2014,"Nissan Teana 2017: технические характеристики, фото и цена","info-god.com/avto/start-prodazh-nissan-teana...","https://info-god.com/avto/start-prodazh-nissan-teana-2017-modelnogo-goda"
2014,"New Nissan Qashqai 2014 - povozcar.ru","povozcar.ru/new-nissan-qashqai-2014.html","http://povozcar.ru/new-nissan-qashqai-2014.html"
2014,"Двигатель Nissan для Qashqai (J11) 2014 после - YouTube","www.youtube.com/watch?v=K-tq2Ov4DQ4","https://www.youtube.com/watch?v=K-tq2Ov4DQ4"
2015,"Used 2015 Nissan Values - NADAguides","www.nadaguides.com/Cars/2015/Nissan","http://www.nadaguides.com/Cars/2015/Nissan"
2015,"2015 Nissan Cars - Autotrader","www.autotrader.com/Nissan/2015","https://www.autotrader.com/Nissan/2015"
2015,"2015 Nissan Rogue Pricing, Specs & Reviews | J.D. Power Cars","www.jdpower.com/cars/nissan/rogue/2015","http://www.jdpower.com/cars/nissan/rogue/2015"
2015,"2015 Nissan Lineup Updated - Automobile Magazine","www.automobilemag.com/news/2015-nissan-lineup-updated/","http://www.automobilemag.com/news/2015-nissan-lineup-updated/"
2015,"Nissan - полный каталог моделей, характеристики, отзывы на ...","www.motorpage.ru/Nissan/","http://www.motorpage.ru/Nissan/"
2015,"The 2015 Nissan Lineup: Charting the Changes - Nissan Online ...","nissannews.com/en-US/nissan/usa/releases/the-2015-nissan-lineup-charting-the-changes","http://nissannews.com/en-US/nissan/usa/releases/the-2015-nissan-lineup-charting-the-changes"
2015,"Nissan - Автомобили Nissan › Модельный ряд 2017-2018: цены ...","carsdo.ru/nissan/","http://carsdo.ru/nissan/"
2015,"Nissan Rogue - Wikipedia","en.wikipedia.org/wiki/Nissan_Rogue","https://en.wikipedia.org/wiki/Nissan_Rogue"
2015,"Nissan Crossovers & SUVs | Nissan USA","www.nissanusa.com/suvs","https://www.nissanusa.com/suvs"
2015,"2015 Nissan Sentra Models, Trims, Information, and Details ...","www.autobytel.com/nissan/sentra/2015/","https://www.autobytel.com/nissan/sentra/2015/"
2015,"Used 2015 Nissan Values - NADAguides","www.nadaguides.com/Cars/2015/Nissan","http://www.nadaguides.com/Cars/2015/Nissan"
2015,"2015 Nissan Rogue Pricing, Specs & Reviews | J.D. Power Cars","www.jdpower.com/cars/nissan/rogue/2015","http://www.jdpower.com/cars/nissan/rogue/2015"
2015,"2015 Nissan Sentra Models, Trims, Information, and Details ...","www.autobytel.com/nissan/sentra/2015/","https://www.autobytel.com/nissan/sentra/2015/"
2015,"Nissan Crossovers & SUVs | Nissan USA","www.nissanusa.com/suvs","https://www.nissanusa.com/suvs"
2015,"Nissan - Автомобили Nissan › Модельный ряд 2017-2018: цены ...","carsdo.ru/nissan/","http://carsdo.ru/nissan/"
2015,"2015 Nissan Pathfinder Overview | Cars.com","www.cars.com/research/nissan-pathfinder-2015/","https://www.cars.com/research/nissan-pathfinder-2015/"
2015,"Nissan Models - Nissan Online Newsroom - NissanNews.com","nissannews.com/pages/us-nissan-models","http://nissannews.com/pages/us-nissan-models"
2015,"Nissan Qashqai - Wikipedia","en.wikipedia.org/wiki/Nissan_Qashqai","https://en.wikipedia.org/wiki/Nissan_Qashqai"
2015,"New Nissan Models | Nissan Price & History | TrueCar","www.truecar.com/prices-new/nissan/","https://www.truecar.com/prices-new/nissan/"
2015,"Nissan Versa Review - Research New & Used Nissan Versa Models ...","www.edmunds.com/nissan/versa/","https://www.edmunds.com/nissan/versa/"
2015,"Nissan - полный каталог моделей, характеристики, отзывы на ...","www.motorpage.ru/Nissan/","http://www.motorpage.ru/Nissan/"
2015,"New for 2015: Nissan Cars | J.D. Power Cars","www.jdpower.com/cars/articles/car-buyers-guides/new-2015-nissan-cars","http://www.jdpower.com/cars/articles/car-buyers-guides/new-2015-nissan-cars"
2015,"Nissan Rogue - Wikipedia","en.wikipedia.org/wiki/Nissan_Rogue","https://en.wikipedia.org/wiki/Nissan_Rogue"
2015,"2015 Nissan Rogue Overview | Cars.com","www.cars.com/research/nissan-rogue-2015/","https://www.cars.com/research/nissan-rogue-2015/"
2015,"Nissan Vehicle History | Nissan USA","www.nissanusa.com/about/heritage","https://www.nissanusa.com/about/heritage"
2015,"After the 2015 model year, the Nissan Xterra will be no more |...","www.sorgnissan.com/after-the-2015-model-year-the-nissan-xterra-will-be-no-more/","https://www.sorgnissan.com/after-the-2015-model-year-the-nissan-xterra-will-be-no-more/"
2015,"2015 Nissan Altima: Used Car Review - Autotrader","www.autotrader.com/car-reviews/2015-nissan-altima-used-car-review-268258","https://www.autotrader.com/car-reviews/2015-nissan-altima-used-car-review-268258"
2015,"Xtra! Xtra! Nissan Xterra to Die After 2015 Model Year – News –...","blog.caranddriver.com/xtra-xtra-nissan-xterra-confirmed-to-die-after-2015-model-year/","https://blog.caranddriver.com/xtra-xtra-nissan-xterra-confirmed-to-die-after-2015-model-year/"
2015,"Nissan Xterra Discontinued in U.S. | Edmunds","www.edmunds.com/car-news/nissan-xterra-discontinued-in-u-s.html","https://www.edmunds.com/car-news/nissan-xterra-discontinued-in-u-s.html"
2015,"Nissan Xterra Will Be Discontinued After 2015 Model Year News ...","www.topspeed.com/trucks/truck-news/nissan-xterra-will-be-discontinued-after-2015-model-year-ar167913.html","https://www.topspeed.com/trucks/truck-news/nissan-xterra-will-be-discontinued-after-2015-model-year-ar167913.html"
